{"manifestVersion":"1.1","info":{"id":"617ad572-c5b7-415c-b166-b2969077f719,version=15.3.1"},"packages":[{"id":"Component.617ad572-c5b7-415c-b166-b2969077f719","version":"15.3.1","type":"Component","extension":true,"dependencies":{"617ad572-c5b7-415c-b166-b2969077f719":"15.3.1","Microsoft.VisualStudio.Component.CoreEditor":"[15.0,17.0)","Microsoft.VisualStudio.Component.Roslyn.LanguageServices":"[15.0.25904.2,17.0)","Microsoft.VisualStudio.Component.Web":"[15.0,17.0)","Microsoft.VisualStudio.Component.SQL.CLR":"[15.0.25904.2,17.0)"},"localizedResources":[{"language":"en-US","title":"Microsoft RDLC Report Designer","description":"RDLC Designer and projects for ASP.Net and Windows Forms for Reporting Services Report Viewer Control"}]},{"id":"617ad572-c5b7-415c-b166-b2969077f719","version":"15.3.1","type":"Vsix","payloads":[{"fileName":"Microsoft.RdlcDesigner.vsix","size":37532}],"vsixId":"617ad572-c5b7-415c-b166-b2969077f719","extensionDir":"[installdir]\\Common7\\IDE\\CommonExtensions\\Microsoft\\Rdlc","folderMappings":{"$PublicAssemblies":"[installdir]\\Common7\\IDE\\PublicAssemblies","$ReferenceAssemblies":"[installdir]\\Common7\\IDE\\ReferenceAssemblies","$MSBuild":"[installdir]\\MSBuild","$Schemas":"[installdir]\\Xml\\Schemas","$Licenses":"[installdir]\\Licenses"}}]}